user_id,article_id,category,user_interest,interaction_type,timestamp
usr_demo_001,art_001,AI & Technology,AI & Technology,complete_read,2026-08-10T10:15:00Z
usr_demo_002,art_002,Business & Finance,Business & Finance,like,2026-08-10T11:15:00Z
usr_demo_003,art_003,Science & Space,Science & Space,bookmark,2026-08-10T12:15:00Z
usr_demo_004,art_004,Climate & Environment,Climate & Environment,share,2026-08-10T13:15:00Z
usr_demo_005,art_005,Business & Finance,Business & Finance,view,2026-08-10T14:15:00Z
usr_demo_006,art_006,Health & Medicine,Health & Medicine,click,2026-08-10T15:15:00Z
usr_demo_007,art_007,Science & Space,Science & Space,complete_read,2026-08-10T16:15:00Z
usr_demo_008,art_008,AI & Technology,AI & Technology,like,2026-08-10T17:15:00Z
usr_demo_009,art_009,AI & Technology,AI & Technology,bookmark,2026-08-10T18:15:00Z
usr_demo_010,art_010,AI & Technology,AI & Technology,share,2026-08-10T19:15:00Z
usr_demo_001,art_011,Health & Medicine,Health & Medicine,view,2026-08-10T20:15:00Z
usr_demo_002,art_012,World & Politics,World & Politics,click,2026-08-10T21:15:00Z
usr_demo_003,art_013,Climate & Environment,Climate & Environment,complete_read,2026-08-10T10:15:00Z
usr_demo_004,art_014,Health & Medicine,Health & Medicine,like,2026-08-10T11:15:00Z
usr_demo_005,art_015,Climate & Environment,Climate & Environment,bookmark,2026-08-10T12:15:00Z
usr_demo_006,art_016,Climate & Environment,Climate & Environment,share,2026-08-10T13:15:00Z
usr_demo_007,art_017,AI & Technology,AI & Technology,view,2026-08-10T14:15:00Z
usr_demo_008,art_018,AI & Technology,AI & Technology,click,2026-08-10T15:15:00Z
usr_demo_009,art_019,World & Politics,World & Politics,complete_read,2026-08-10T16:15:00Z
usr_demo_010,art_020,Science & Space,Science & Space,like,2026-08-10T17:15:00Z
usr_demo_001,art_021,Business & Finance,Business & Finance,bookmark,2026-08-10T18:15:00Z
usr_demo_002,art_022,Health & Medicine,Health & Medicine,share,2026-08-10T19:15:00Z
usr_demo_003,art_023,Climate & Environment,Climate & Environment,view,2026-08-10T20:15:00Z
usr_demo_004,art_024,Entertainment & Culture,Entertainment & Culture,click,2026-08-10T21:15:00Z
usr_demo_005,art_025,AI & Technology,AI & Technology,complete_read,2026-08-10T10:15:00Z
usr_demo_006,art_001,World & Politics,World & Politics,like,2026-08-10T11:15:00Z
usr_demo_007,art_002,Business & Finance,Business & Finance,bookmark,2026-08-10T12:15:00Z
usr_demo_008,art_003,Health & Medicine,Health & Medicine,share,2026-08-10T13:15:00Z
usr_demo_009,art_004,Entertainment & Culture,Entertainment & Culture,view,2026-08-10T14:15:00Z
usr_demo_010,art_005,World & Politics,World & Politics,click,2026-08-10T15:15:00Z
usr_demo_001,art_006,World & Politics,World & Politics,complete_read,2026-08-10T16:15:00Z
usr_demo_002,art_007,Science & Space,Science & Space,like,2026-08-10T17:15:00Z
usr_demo_003,art_008,Climate & Environment,Climate & Environment,bookmark,2026-08-10T18:15:00Z
usr_demo_004,art_009,Health & Medicine,Health & Medicine,share,2026-08-10T19:15:00Z
usr_demo_005,art_010,Science & Space,Science & Space,view,2026-08-10T20:15:00Z
usr_demo_006,art_011,AI & Technology,AI & Technology,click,2026-08-10T21:15:00Z
usr_demo_007,art_012,Health & Medicine,Health & Medicine,complete_read,2026-08-10T10:15:00Z
usr_demo_008,art_013,AI & Technology,AI & Technology,like,2026-08-10T11:15:00Z
usr_demo_009,art_014,Science & Space,Science & Space,bookmark,2026-08-10T12:15:00Z
usr_demo_010,art_015,Business & Finance,Business & Finance,share,2026-08-10T13:15:00Z
usr_demo_001,art_016,Health & Medicine,Health & Medicine,view,2026-08-10T14:15:00Z
usr_demo_002,art_017,Climate & Environment,Climate & Environment,click,2026-08-10T15:15:00Z
usr_demo_003,art_018,Entertainment & Culture,Entertainment & Culture,complete_read,2026-08-10T16:15:00Z
usr_demo_004,art_019,Climate & Environment,Climate & Environment,like,2026-08-10T17:15:00Z
usr_demo_005,art_020,Science & Space,Science & Space,bookmark,2026-08-10T18:15:00Z
usr_demo_006,art_021,AI & Technology,AI & Technology,share,2026-08-10T19:15:00Z
usr_demo_007,art_022,Science & Space,Science & Space,view,2026-08-10T20:15:00Z
usr_demo_008,art_023,Health & Medicine,Health & Medicine,click,2026-08-10T21:15:00Z
usr_demo_009,art_024,Business & Finance,Business & Finance,complete_read,2026-08-10T10:15:00Z
usr_demo_010,art_025,AI & Technology,AI & Technology,like,2026-08-10T11:15:00Z
usr_demo_001,art_001,AI & Technology,AI & Technology,bookmark,2026-08-10T12:15:00Z
usr_demo_002,art_002,Business & Finance,Business & Finance,share,2026-08-10T13:15:00Z
usr_demo_003,art_003,Science & Space,Science & Space,view,2026-08-10T14:15:00Z
usr_demo_004,art_004,Climate & Environment,Climate & Environment,click,2026-08-10T15:15:00Z
usr_demo_005,art_005,Business & Finance,Business & Finance,complete_read,2026-08-10T16:15:00Z
usr_demo_006,art_006,Health & Medicine,Health & Medicine,like,2026-08-10T17:15:00Z
usr_demo_007,art_007,Science & Space,Science & Space,bookmark,2026-08-10T18:15:00Z
usr_demo_008,art_008,AI & Technology,AI & Technology,share,2026-08-10T19:15:00Z
usr_demo_009,art_009,AI & Technology,AI & Technology,view,2026-08-10T20:15:00Z
usr_demo_010,art_010,AI & Technology,AI & Technology,click,2026-08-10T21:15:00Z
usr_demo_001,art_011,Health & Medicine,Health & Medicine,complete_read,2026-08-10T10:15:00Z
usr_demo_002,art_012,World & Politics,World & Politics,like,2026-08-10T11:15:00Z
usr_demo_003,art_013,Climate & Environment,Climate & Environment,bookmark,2026-08-10T12:15:00Z
usr_demo_004,art_014,Health & Medicine,Health & Medicine,share,2026-08-10T13:15:00Z
usr_demo_005,art_015,Climate & Environment,Climate & Environment,view,2026-08-10T14:15:00Z
usr_demo_006,art_016,Climate & Environment,Climate & Environment,click,2026-08-10T15:15:00Z
usr_demo_007,art_017,AI & Technology,AI & Technology,complete_read,2026-08-10T16:15:00Z
usr_demo_008,art_018,AI & Technology,AI & Technology,like,2026-08-10T17:15:00Z
usr_demo_009,art_019,World & Politics,World & Politics,bookmark,2026-08-10T18:15:00Z
usr_demo_010,art_020,Science & Space,Science & Space,share,2026-08-10T19:15:00Z
usr_demo_001,art_021,Business & Finance,Business & Finance,view,2026-08-10T20:15:00Z
usr_demo_002,art_022,Health & Medicine,Health & Medicine,click,2026-08-10T21:15:00Z
usr_demo_003,art_023,Climate & Environment,Climate & Environment,complete_read,2026-08-10T10:15:00Z
usr_demo_004,art_024,Entertainment & Culture,Entertainment & Culture,like,2026-08-10T11:15:00Z
usr_demo_005,art_025,AI & Technology,AI & Technology,bookmark,2026-08-10T12:15:00Z
usr_demo_006,art_001,World & Politics,World & Politics,share,2026-08-10T13:15:00Z
usr_demo_007,art_002,Business & Finance,Business & Finance,view,2026-08-10T14:15:00Z
usr_demo_008,art_003,Health & Medicine,Health & Medicine,click,2026-08-10T15:15:00Z
usr_demo_009,art_004,Entertainment & Culture,Entertainment & Culture,complete_read,2026-08-10T16:15:00Z
usr_demo_010,art_005,World & Politics,World & Politics,like,2026-08-10T17:15:00Z
usr_demo_001,art_006,World & Politics,World & Politics,bookmark,2026-08-10T18:15:00Z
usr_demo_002,art_007,Science & Space,Science & Space,share,2026-08-10T19:15:00Z
usr_demo_003,art_008,Climate & Environment,Climate & Environment,view,2026-08-10T20:15:00Z
usr_demo_004,art_009,Health & Medicine,Health & Medicine,click,2026-08-10T21:15:00Z
usr_demo_005,art_010,Science & Space,Science & Space,complete_read,2026-08-10T10:15:00Z
usr_demo_006,art_011,AI & Technology,AI & Technology,like,2026-08-10T11:15:00Z
usr_demo_007,art_012,Health & Medicine,Health & Medicine,bookmark,2026-08-10T12:15:00Z
usr_demo_008,art_013,AI & Technology,AI & Technology,share,2026-08-10T13:15:00Z
usr_demo_009,art_014,Science & Space,Science & Space,view,2026-08-10T14:15:00Z
usr_demo_010,art_015,Business & Finance,Business & Finance,click,2026-08-10T15:15:00Z
usr_demo_001,art_016,Health & Medicine,Health & Medicine,complete_read,2026-08-10T16:15:00Z
usr_demo_002,art_017,Climate & Environment,Climate & Environment,like,2026-08-10T17:15:00Z
usr_demo_003,art_018,Entertainment & Culture,Entertainment & Culture,bookmark,2026-08-10T18:15:00Z
usr_demo_004,art_019,Climate & Environment,Climate & Environment,share,2026-08-10T19:15:00Z
usr_demo_005,art_020,Science & Space,Science & Space,view,2026-08-10T20:15:00Z
usr_demo_006,art_021,AI & Technology,AI & Technology,click,2026-08-10T21:15:00Z
usr_demo_007,art_022,Science & Space,Science & Space,complete_read,2026-08-10T10:15:00Z
usr_demo_008,art_023,Health & Medicine,Health & Medicine,like,2026-08-10T11:15:00Z
usr_demo_009,art_024,Business & Finance,Business & Finance,bookmark,2026-08-10T12:15:00Z
usr_demo_010,art_025,AI & Technology,AI & Technology,share,2026-08-10T13:15:00Z
