id,title,text,label,source,category
1,"Quantum Computing breakthrough announced by MIT","Researchers at MIT have achieved a major quantum neural network milestone with 128 qubits.",0,"mit.edu","AI & Technology"
2,"Secret alien Underground Base Discovered in Manhattan","Unverified reports claim extraterrestrial underground tunnel network beneath subway lines.",1,"viral-truth-blog.net","World & Politics"
3,"Global Central Banks complete Cross-Border CBDC Trial","Project Agora demonstrates wholesale digital currency transfers across international borders.",0,"reuters.com","Business & Finance"
4,"Guaranteed 500% Daily Return Crypto Scheme Launched","Promotional material promises impossible daily investment returns with zero risk.",1,"crypto-moon-claims.io","Business & Finance"
5,"JWST detects Water Vapor on Temperate Exoplanet","James Webb Telescope instruments confirm atmospheric composition of LHS 1140 b.",0,"nasa.gov","Science & Space"
6,"Miracle Pill Cures All Chronic Diseases Overnight","Social media posts claim secret herbal remedy replaces all modern pharmaceutical treatments.",1,"health-secret-cure.org","Health & Medicine"
7,"Renewable Energy accounts for 30% of Global Grid","International Energy Agency report tracks record solar and wind adoption rates in 2025.",0,"iea.org","Climate & Environment"
8,"Celebrity endorsing Fake AI Trading Bot Platform","Deepfake video impersonates famous tech CEO promoting high-frequency trading scam.",1,"fake-celebrity-scams.com","Entertainment & Culture"
9,"Federal Reserve maintains Benchmark Interest Rate","FOMC meeting concludes with decision to hold interest rates steady amid inflation data.",0,"bloomberg.com","Business & Finance"
10,"Billionaire buying entire Country to form New Micronation","Tabloid article claims tech mogul purchased island nation for private sovereignty.",1,"sensational-tabloid.xyz","World & Politics"
